question,variant,answer,sources
"Hocam, uzaktan çalışırken neden illa VPN açıyoruz? Açmazsak ne olur?",A) Base model (no RAG),"## Uzaktan Çalışırken VPN'i Açmak Neden Önemli?

Uzaktan çalışırken VPN'i açmak, güvenliğinizi ve verilerinizi korumanıza yardımcı olur. İşte neden önemli:

**VPN Nedir?**

VPN (Virtual Private Network), internet trafiğinizi gizli ve güvenli bir şekilde yönlendirir.  Bir VPN kullanıcısının bilgisayarının, cihazının ve diğer cihazların internet bağlantısının güvenli bir şekilde yönlendirilmesi için kullanılır. VPN, internet trafiğinizi bir VPN sunucusuna yönlendirir ve bu sunucu, trafiğinizi güvenli bir şekilde yönlendirir.

**VPN'in Güvenlik Faydaları:**

* **Gizlilik:** VPN, internet trafiğinizi anonim hale getirir. Bu, kişisel bilgilerinizi, finansal işlemlerinizi ve diğer kişisel verilerinizi kötü niyetli kişilerden korur.
* **Güvenlik:** VPN, internet trafiğinizi şifreler. Bu, bilgisayarınızda veya cihazınızda virüsler, kötü amaçlı yazılımlar ve diğer tehditlere karşı koruma sağlar.
* **Güvenli Erişim:** VPN, işinizde veya öğreniminizde, güvenli bir ağ üzerinden erişim sağlamak için kullanılır. Bu, işinizde veya öğreniminizde güvenli bir ortam sağlar.

**VPN Açılmadığında Neden Problemler Yaşayabiliriz?**

* **Gizlilik:** VPN'siz çalışırken, internet trafiğinizi takip edebilirler. Bu, kişisel bilgilerinizi, finansal işlemlerinizi ve diğer kişisel verilerinizi tehlikeye atar.
* **Güvenlik:** VPN'siz çalışırken, bilgisayarınızda veya cihazınızda virüsler, kötü amaçlı yazılımlar ve diğer tehditlere karşı daha az koruma sağlar.
* **Güvenli Erişim",—
"Hocam, uzaktan çalışırken neden illa VPN açıyoruz? Açmazsak ne olur?",B) Base model + RAG,"Bu kaynaklar, uzaktan çalışırken VPN'i açmanın neden önemli olduğunu açıklamaktadır. 

**Kaynaklar:**

* **ISO 27001:**  Bu kaynak, uzaktan çalışma sırasında güvenlik önlemlerinin uygulanması gerektiğini belirtiyor. 
* **SANS Acceptable Use Standard:** Bu kaynak, uzaktan çalışırken VPN kullanmanın, kötü amaçlı yazılımların ağa girmesini önlemek ve şirketin bilgileri korumak için önemli olduğunu belirtiyor. 

**Cevap:**

Uzaktan çalışırken VPN açmak, şirketinizin güvenlik politikalarını korumak için önemlidir. VPN, ağınızın güvenliğini artırır ve şirketinizin verilerinin güvenliğini sağlar. VPN, ağınızın içeriğini gizler ve kötü amaçlı yazılımların ağınıza girmesini engeller. 

**Özetle:**

* VPN, uzaktan çalışırken güvenlik önlemlerini sağlar.
* VPN, kötü amaçlı yazılımların ağınıza girmesini engeller.
* VPN, şirketinizin verilerini korumak için önemlidir.","https://hightable.io/iso-27001-annex-a-controls-list/, https://www.sans.org/information-security-policy/acceptable-encryption-standard/, https://www.sans.org/information-security-policy/acceptable-use-standard/, https://www.sans.org/information-security-policy/database-credentials-standard/"
"Hocam, uzaktan çalışırken neden illa VPN açıyoruz? Açmazsak ne olur?",C) Fine-tuned model (no RAG),"VPN ile trafiğin şifrelenmesi sağlanır, üçüncü tarafların veya kötü amaçlı saldırganların veri trafiğini dinlemesini engeller. Açılmayan VPN üzerinden trafiğin açık bırakılması durumunda veri sızıntısı, kimlik avı veya kötü amaçlı yazılım bulaşması riskini artırır.",—
"Hocam, uzaktan çalışırken neden illa VPN açıyoruz? Açmazsak ne olur?",D) Fine-tuned model + RAG,"Uzaktan erişim için VPN kullanılması, kuruluşun tesisleri dışında erişilen bilgileri şifreleyerek trafiği gizleyerek güvenliği artırır. Açılmazsa veri sızabilir, bağlantılar tehlikeye girebilir ve iş süreçleri durur.","https://hightable.io/iso-27001-annex-a-controls-list/, https://www.sans.org/information-security-policy/acceptable-encryption-standard/, https://www.sans.org/information-security-policy/acceptable-use-standard/, https://www.sans.org/information-security-policy/database-credentials-standard/"
"Canım asistanım, güçlü bir parola politikası tam olarak nasıl yazılır? Adım adım anlatır mısın?",A) Base model (no RAG),"Elbette, güçlü bir parola politikası oluşturmak için adım adım bir rehber hazırladım. 

**1. Parola Güvenliği Temel İlkeleri:**

* **Uzunluk:** Parolanız en az 12 karakterden oluşmalıdır. 
* **Karakter Tipleri:** Parolanızda sayı, harf ve işaretler (özellikle özel karakterler) içermelidir. 
* **Kelimelerin Kullanımı:** Parolanızda rastgele kelimeler, özel karakterler ve sayılar kullanılmalıdır. 
* **Duyarlılık:** Parolanızda tekrarlanan karakterler veya basit kelimeler bulunmamalıdır. 
* **Güncelleme:** Parolanızı düzenli olarak (en az 6 ayda bir) değiştirmelisiniz.

**2. Parola Hazırlama:**

* **Parola Oluşturma:** 
    * **Kelimeler:**  Birkaç kelimeyi birleştirerek, örneğin ""KırmızıKedi123"" gibi bir kelime oluşturabilirsiniz. 
    * **Karakterler:** Özel karakterler, semboller ve harfler kullanarak oluşturulabilir. Örneğin, ""KırmızıKedi123!@"" şeklinde bir parola oluşturabilirsiniz.
    * **Sayılar:** Parolanızda sayı kullanabilirsiniz. Örneğin, ""KırmızıKedi1234"" gibi.
* **Parolanızı Güvenli Bir Şekilde Kaydetme:** 
    * **Güvenli bir dosya:** Parolanızı güvenli bir şekilde kaydetmek için bir dosya oluşturun. 
    * **Güvenli bir cihaz:** Parolanızı güvenli bir cihazda kaydetmek için bir cihaz kullanın. 

**3. Parola Politikası:**

* **Parola Türleri:**",—
"Canım asistanım, güçlü bir parola politikası tam olarak nasıl yazılır? Adım adım anlatır mısın?",B) Base model + RAG,"Üzgünüm, ancak bu kaynaklar güçlü bir parola politikası için tam bir rehber sunmuyor. Ancak, kaynaklar, güçlü bir parola politikasının temel unsurları hakkında bazı ipuçları sunuyor. 

**Güçlü bir parola politikası oluşturmak için aşağıdaki adımları izleyebilirsiniz:**

**1. Parola Güvenliği Politikası:**

* **Parola Güvenliği Politikası:** Bu, tüm çalışanlar için güçlü parola kullanımı ve güvenlik politikalarını kapsayan bir genel politika.
* **Parola Şartları:** Parola şifreleme, parola uzunluğu, parola tekrarlama, parola şifreleme yöntemleri, parola güncellemeleri ve parola kaybı durumları gibi konularda belirli şartlar belirleyin.
* **Güvenlik Uygulamaları:** Güvenlik uygulamaları, parola şifreleme, parola güncellemeleri ve parola kaybı durumları gibi konularda belirli şartlar belirleyin.

**2. Parola Şifreleme:**

* **Parola Uzunluğu:** Parola en az 12 karakterden oluşmalıdır.
* **Parola Şifreleme:** Parola şifreleme, parola şifreleme yöntemleri, parola şifreleme yöntemleri, parola şifreleme yöntemleri, parola şifreleme yöntemleri, parola şifreleme yöntemleri, parola şifreleme yöntemleri, parola şifreleme yöntemleri, parola şifreleme yöntemleri, parola şifreleme yöntemleri, parola şifreleme yöntemleri, parola şifreleme yöntemleri, parola şifreleme yöntemleri, parola şifreleme yöntemleri, parola şifreleme yöntemleri, parola şifreleme yöntemleri, parola şifreleme yöntemleri, parola şifreleme yöntemleri, parola şif","https://www.sans.org/information-security-policy/access-management-policy/, https://www.sans.org/information-security-policy/database-credentials-standard/, https://www.sans.org/information-security-policy/internal-network-access-management-policy/, https://www.sans.org/information-security-policy/log-management-policy/"
"Canım asistanım, güçlü bir parola politikası tam olarak nasıl yazılır? Adım adım anlatır mısın?",C) Fine-tuned model (no RAG),"Parola oluşturma sürecinde şu adımlar izlenmelidir:
1. **Parola uzunluk kriteri:** Parola en az 12 karakterden uzun olmalı, sayı, harf ve işaret kombinasyonunu içermelidir.
2. **Parola tekrar kullanımı kısıtlaması:** Birden fazla farklı hesap için aynı parola kullanılması kesinlikle yasaktır.
3. **Parola süresi:** Parola her 90 gün içinde değiştirilmelidir.
4. **Parola hatırlama kısıtlaması:** Kullanıcılar parolarını hatırlayabilecek bir uygulama veya hatırlatıcı kullanmamalıdır.
5. **Parola şifreleme:** Parolalar en az 64 bit uzunluğunda AES şifrelenir.
6. **Parola yönetimi:** Parolar yönetim sistemi üzerinden düzenli olarak kontrol edilmeli ve güncelleme yapılmalıdır.
7. **Parola güvenliği eğitimi:** Kullanıcılar parolanın önemini ve güvenlik risklerini anlamalıdır.
8. **Parola kaybolması durumunda geri bildirim süresi:** Parola kaybolması durumunda hızlı bir geri bildirim süresi tanımlanmalı ve gerekli müdahale yapılmalıdır.
9. **Parola yönetim sistemi erişimi:** Parola yönetimi sistemi yalnızca yetkili kişiler tarafından erişilebilir olmalıdır.
10. **Parola değişikliği kayıtları:** Parola değişikliklerinin kayıt altına alınması ve izlenmesi gerekir.",—
"Canım asistanım, güçlü bir parola politikası tam olarak nasıl yazılır? Adım adım anlatır mısın?",D) Fine-tuned model + RAG,"Şifreleme, farklı erişim seviyelerine ilişkin roller, güncelleme süreçleri, şifreleme algoritmaları ve hesaplama süresi gibi temel unsurlar içermelidir.","https://www.sans.org/information-security-policy/access-management-policy/, https://www.sans.org/information-security-policy/database-credentials-standard/, https://www.sans.org/information-security-policy/internal-network-access-management-policy/, https://www.sans.org/information-security-policy/log-management-policy/"
Ya şöyle sorayım; ayrıcalıklı hesapları neden bu kadar sıkı yönetiyoruz?,A) Base model (no RAG),"## Açık ve Teknik Cevap:

**İşte ayrıcalıklı hesapların sıkı yönetiminin sebepleri:**

**1. Güvenlik:**

* **Gizli bilgilerin korunması:**  İdari, finansal, sağlık, ya da diğer hassas veriler, ayrıcalıklı hesaplar aracılığıyla daha güvenli bir şekilde saklanır. Bu hesaplar, yalnızca belirli kişiler tarafından erişilebilir ve bu kişiler, bu bilgileri kullanmak için özel izin ve yetkilerle donatılmıştır.
* **Güvenlik riskleri:**  İnsanlar, sistemlere erişim sağlamak için farklı yöntemler kullanabilir. Bu yöntemler, kötü niyetli kişiler tarafından kullanılabilme potansiyeli taşıyabilir.  
* **Veri güvenliği:**  İnsanlar, ayrıcalıklı hesaplar aracılığıyla verileri daha güvenli bir şekilde saklayabilirler. Bu, veri kaybı, kötüye kullanım veya erişim tehlikelerini azaltır.

**2. Yasal ve Etik Durumlar:**

* **Veri gizliliği:**  Bazı yasalar, ayrıcalıklı hesapların kullanımı ve erişimi için belirli kurallar ve standartlar belirler. Bu kurallar, verilerin gizliliğini ve güvenliğini korumak için gereklidir.
* **Güvenlik standartları:**  ISO 27001 gibi standartlar, ayrıcalıklı hesapların güvenliğini ve verileri korumak için gerekli önlemleri belirler.

**3. İşletmelerin Özellikleri:**

* **Güvenlik maliyeti:**  İnsanlar, ayrıcalıklı hesaplar aracılığıyla verileri daha güvenli bir şekilde saklayabilirler. Bu, daha fazla güvenlik maliyetine yol açabilir.
* **İşletme performansı:**  İnsanlar, ayrıcalıklı hesaplar arac",—
Ya şöyle sorayım; ayrıcalıklı hesapları neden bu kadar sıkı yönetiyoruz?,B) Base model + RAG,"İşte sorunun cevabı, ISO 27001 ve SANS standartlarına dayanarak:

**Ayrıcalıklı hesapları sıkı yönetimle korumak, sistemlerin güvenliğini ve verilerin korunmasını sağlamak için kritik öneme sahiptir.** 

İşte bu politikaların temel nedenleri:

* **Güvenlik riskleri:** Ayrıcalıklı hesaplar, sistemlerin kontrolünü ve erişimini sağlayan önemli bir güvenlik kaynağıdır. Bu hesaplar, sistemlerin güvenliğini tehdit eden saldırılara karşı korumak için sıkı bir şekilde yönetilmelidir.
* **Veri Güvenliği:** Ayrıcalıklı hesaplar, sistemlerin önemli verilerini yönetmek için kullanılır. Bu hesaplar, verilerin korunması ve kötü amaçlı erişim önlenmesi için sıkı bir şekilde yönetilmelidir.
* **Güvenlik Kontrolü:** Ayrıcalıklı hesapların kullanımı, sistemlerin güvenliğini ve verilerin korunmasını sağlamak için kontrol mekanizmaları oluşturur. Bu hesaplar, sistemlerin güvenliğini ve verilerin korunmasını sağlamak için sıkı bir şekilde yönetilmelidir.
* **Güvenlik Uygulamaları:** ISO 27001 ve SANS standartları, ayrıcalıklı hesapların güvenliğini ve verilerin korunmasını sağlamak için belirli güvenlik uygulamaları ve politikaları içerir. Bu uygulamalar, ayrıcalıklı hesapların kullanımı ve yönetimi için gerekli önlemleri içerir.

**Kaynaklar:**

* ISO 27001:  ISO 27001, güvenlik yönetim sistemlerinin kurallarını ve standartlarını belirler. Bu standart, ayrıcalıklı hesapların yönetimi ve güvenliği için gerekli önlemleri içerir.
* SANS: SANS, güvenlik uzmanları için standartları ve politikaları belirleyen bir kuruluştur. SANS, ayrıcalıklı hesapların","https://hightable.io/iso-27001-annex-a-controls-list/, https://www.sans.org/information-security-policy/privileged-account-management-policy/"
Ya şöyle sorayım; ayrıcalıklı hesapları neden bu kadar sıkı yönetiyoruz?,C) Fine-tuned model (no RAG),Ayrıcalıklı hesaplar genellikle kritik iş süreçlerini veya sistemleri yönetmek için kullanılır. Yanlış kullanılması ciddi sonuçlara yol açabilir; bu nedenle erişim kontrolü çok daha hassastır.,—
Ya şöyle sorayım; ayrıcalıklı hesapları neden bu kadar sıkı yönetiyoruz?,D) Fine-tuned model + RAG,"Ayrıcalıklı hesaplar yetkisiz kullanım, veri manipülasyonu veya sistem ele geçirim tehdidi yaratabilir. Bu nedenle onların kullanımını kısıtlamak, yetkisiz erişimin riskini azaltır ve sistem güvenliğini artırır.","https://hightable.io/iso-27001-annex-a-controls-list/, https://www.sans.org/information-security-policy/privileged-account-management-policy/"
Log’ları neden saklıyoruz hocam? Yani tam olarak ne işimize yarıyor?,A) Base model (no RAG),"Log'ları saklamak, özellikle güvenlik ve veritabanı yönetimi alanında kritik öneme sahip bir konu. İşte log'ları saklamak için temel nedenler:

**1. Güvenlik ve Gizlilik:**

* **Güvenlik Analizi:** Log'lar, sistemlerin ve uygulamaların güvenlik durumunu analiz etmek için önemli bir kaynak. Bir saldırı veya hatalı işlem sırasında, log'lar, saldırının gerçekleştirildiği zaman, hangi kullanıcılar tarafından gerçekleştirildiği, hangi adımlar atıldığı gibi önemli bilgiler sağlar. Bu bilgiler, güvenlik önlemlerini geliştirmek ve olası tehlikeleri önlemek için kullanılır.
* **Sıkıntılı Durumlar:**  Bir sistemde bir hata veya aksaklık yaşandığında, log'lar, sorunun kaynağını ve nedenini belirlemek için önemli bir kanıt sağlar. Bu, sistemin düzeltilmesi ve olası sorunları önlemede yardımcı olur.
* **Gizlilik:**  Log'lar, kullanıcıların kimlik bilgilerini, işlemleri ve diğer kişisel verileri korumak için önemli bir rol oynar. 

**2. Veri Analizi ve Geliştirme:**

* **Veri Analizi:** Log'lar, sistemlerin performansını ve verileri analiz etmek için önemli bir kaynak. Kullanıcı davranışları, sistem yükü ve diğer veriler, sistemin nasıl çalıştığını ve daha iyi hale getirilmesi için değerli bilgiler sağlar.
* **Sistem Geliştirme:**  Log'lar, sistemlerin nasıl çalıştığını ve hangi noktalarda sorunlar yaşadığını anlamak için kullanılır. Bu, sistemlerin daha iyi hale getirilmesi ve daha güvenli hale getirilmesi için önemli bir kaynak.

**3. Yasal ve Etik Durumlar:**

* **Yasal Zorunluluklar:** Bazı yasal düzenlemeler",—
Log’ları neden saklıyoruz hocam? Yani tam olarak ne işimize yarıyor?,B) Base model + RAG,"Log'ları saklamak, güvenlik ve verimlilik açısından çok önemli bir rol oynar. 

**İşte log'ları saklamak neden önemlidir:**

* **Güvenlik:** Log'lar, sistemlerin ve ağların saldırılara karşı nasıl tepki verdiklerini, hangi kullanıcılar hangi zamanlarda hangi işlemleri yaptıklarını ve sistemlerin nasıl çalıştığını gösterir. Bu bilgiler, saldırılara karşı önlem almak, güvenlik açıklarını tespit etmek ve olası tehditlere karşı daha etkili bir şekilde tepki vermek için kullanılır.
* **Verimlilik:** Log'lar, sistemlerin performansını izlemek, hataları tespit etmek ve olası sorunları önlemek için kullanılır. Bu, sistemlerin daha verimli çalışmasını ve daha hızlı bir şekilde sorunları çözmesini sağlar.
* **İzleme ve Analiz:** Log'lar, sistemlerin nasıl çalıştığını ve hangi olaylar gerçekleştiğini izlemek için kullanılır. Bu, sistemlerin güvenliğini ve verimliliğini iyileştirmek için analizler yapılması için kullanılır.
* **İdari Kayıtlar:** Log'lar, sistemlerin kullanımını ve işlemlerini kaydetmek için kullanılır. Bu, sistemlerin yönetimi ve sorumluluklarının izlenmesi için kullanılır.

**Kaynaklar:**

* **ISO 27001:** ISO 27001, bilgi güvenliği standartlarında, log'ları saklamak ve analiz etmek için gerekli olan güvenlik önlemlerini belirler.
* **SANS Log Management Policy:** SANS Log Management Policy, log'ları düzenli olarak incelemek ve otomatikleştirmek için gerekli olan politikaları belirler.

**Özetle:** Log'ları saklamak, sistemlerin güvenliğini, verimliliğini ve işlevselliğini korumak için önemlidir.","https://hightable.io/iso-27001-annex-a-controls-list/, https://www.sans.org/information-security-policy/log-management-policy/"
Log’ları neden saklıyoruz hocam? Yani tam olarak ne işimize yarıyor?,C) Fine-tuned model (no RAG),"Log’lar olay analizi için gereklidir. Bir saldırı gerçekleşirse, olay zamanı, kullanıcı, etkileşim ve IP adresleri ile olayun ne zaman gerçekleştiğini görebiliriz. Bu bilgiler ele geçirilen sistemlere yönelik müdahaleyi hızlandırır ve güvenlik olaylarının hızlı tespiti için temel taşır.",—
Log’ları neden saklıyoruz hocam? Yani tam olarak ne işimize yarıyor?,D) Fine-tuned model + RAG,"Log’lar olay farkındalığı, hataların tespiti, tehdit olaylarının erken fark edilmesi ve olay müdahalesinin hızlanması için gereklidir.","https://hightable.io/iso-27001-annex-a-controls-list/, https://www.sans.org/information-security-policy/log-management-policy/"
"Hocam, şirketin sosyal medya hesaplarını yönetirken bilgi güvenliği açısından nelere dikkat edilmeli?",A) Base model (no RAG),"## Şirketin Sosyal Medya Hesaplarını Yönetirken Bilgi Güvenliği

Şirketlerin sosyal medya hesapları, marka imajını, müşteri ilişkilerini ve işletme faaliyetlerini etkileyen önemli araçlardır. Ancak, bu hesapların yönetimi sırasında dikkat edilmesi gereken bazı önemli noktalar bulunmaktadır. 

**İşte sosyal medya hesaplarının güvenliğini sağlamak için dikkat edilmesi gerekenler:**

**1. Hesap Güvenliği:**

* **Güvenli parola kullanımı:** Kullanıcıların güçlü ve karmaşık parolalar kullanmaları ve bu parolaların düzenli olarak değiştirilmesi önemlidir. 
* **Güvenli giriş:** Hesap girişleri için doğru ve güvenilir yöntemler kullanılmalıdır. 
* **Güvenlik yazılımları:** Hesapların güvenliğini artırmak için güncellemeler ve güvenlik yazılımları kullanılmalıdır.
* **Güvenlik duvarları:** Güvenlik duvarları, sosyal medya hesaplarını korumak için önemli bir önlemdir.

**2. İçerik Güvenliği:**

* **Veri gizliliği:** Kullanıcı verilerini gizli tutmak için gerekli önlemler alınmalıdır. 
* **İçerik kontrolü:** İçeriklerin içeriği, marka imajına uygun ve etik olmalıdır. 
* **İçerik paylaşımı:** İçerik paylaşımı, şirketin marka imajını ve itibarını koruyarak yapılmalıdır. 
* **İlgili yasalar:** Sosyal medya platformlarında paylaşım yaparken, ilgili yasaları ve kuralların uygulanması önemlidir.

**3. Kullanıcı Güvenliği:**

* **Kullanıcı bilgileri:** Kullanıcı bilgilerinin güvenliği ve gizliliği için önlemler alınmalıdır. 
* **İletişim güvenliği:** Kullanıcılarla ileti",—
"Hocam, şirketin sosyal medya hesaplarını yönetirken bilgi güvenliği açısından nelere dikkat edilmeli?",B) Base model + RAG,"Bu kaynaklar, şirketin sosyal medya hesaplarını yönetirken bilgi güvenliği açısından dikkat edilmesi gereken bazı noktaları belirtiyor. 

**İşte kaynaklara dayanarak şirketin sosyal medya hesaplarını yönetirken dikkat edilmesi gerekenler:**

* **Şirketin Gizli Bilgiler Politikası:** Blog yazarken veya diğer çevrimiçi gönderilerde şirketin gizli veya özel bilgilerini, ticari sırlarını veya şirketin Gizli Bilgiler politikası kapsamındaki diğer materyalleri ifşa etmemek gerekir.
* **Ayrımcı, aşağılayıcı, karalayıcı veya taciz edici yorumlar:** Blog yazarken ayrımcı, aşağılayıcı, karalayıcı veya taciz edici yorumlar yapmamak gerekir.
* **Güvenlik ve Ağ Bakımı:**  Güvenlik ve ağ bakımı amacıyla, yetkili kişiler, ekipmanı, sistemleri ve ağ trafiğini istedikleri zaman izleyebilir.
* **İzinsiz Erişim:** Kasıtlı olarak veya erişimin güvenliği sağlanmayarak başka bir kişiye erişim sağlanması yasaktır.
* **Otomatik Etkinleştirme:** Cihaz başında olmadığında ekranı kilitlemeniz veya oturumu kapatmanız gerekir.
* **Açıklama:** Postings by employees from a <Company Name> email address to newsgroups or other online platforms, should contain a disclaimer stating that the opinions expressed are strictly their own and not necessarily those of <Company Name>, unless posting


**Not:** Bu kaynaklar, sosyal medya hesaplarının yönetimi ve bilgi güvenliği konusunda genel bir bakış sunuyor.","https://www.sans.org/information-security-policy/acceptable-use-standard/, https://www.sans.org/information-security-policy/artificial-intelligence-standard/"
"Hocam, şirketin sosyal medya hesaplarını yönetirken bilgi güvenliği açısından nelere dikkat edilmeli?",C) Fine-tuned model (no RAG),"Şifreleme, doğru hesap yönetimi, güncel politika uyumu, yetki sınırlaması ve saldırıya karşı korunma (örn. MFA) temel gerekliliklerdir. Hesap bilgilerinin açık bırakılması, yanlış paylaşım, kimlik avı ve kötü amaçlı bağlantıların paylaşılması ciddi risk oluşturur.",—
"Hocam, şirketin sosyal medya hesaplarını yönetirken bilgi güvenliği açısından nelere dikkat edilmeli?",D) Fine-tuned model + RAG,"Şirketin sosyal medya hesapları, blog yazıları, çevrimiçi gönderiler ve diğer platformlarda paylaşım yapılması durumunda;
- Hesapların kurumsal kimlik bilgilerinin kullanılmaması gerekir.
- Hesapların kurumsal kimlik bilgilerinin kullanılmaması gerekir.
- Blog yazma veya çevrimiçi gönderilerde profesyonel ve sorumlu bir şekilde yazılması gerekir.
- Gizli veya özel bilgiler, ticari sırlar veya <Şirket> politikası kapsamındaki diğer materyaller ifşa edilmemelidir.
- Ayrımcı, aşağılayıcı, karalayıcı veya taciz edici yorumlar yapılmamalıdır.
- Hesaplar otomatik etkinleştirme özelliği 10 dakika veya daha kısa süreli olmalı ve ekran kilitleme veya oturumu kapatma zorunluluğu bulunmalıdır.
- İfade edilen görüşlerin kesinlikle kendilerine ait olduğunu ve herhangi bir şekilde <Şirket Adı>’na ait olmadığını belirten bir sorumluluk reddi beyanı içermelidir.
- Hukuki ve kurumsal riskler göz önünde bulundurularak sosyal medya kullanımının riskleri değerlendirilmelidir.","https://www.sans.org/information-security-policy/acceptable-use-standard/, https://www.sans.org/information-security-policy/artificial-intelligence-standard/"
Ya şimdi merak ettim; yapay zekâ sistemleri kurum güvenliğini nasıl etkiler?,A) Base model (no RAG),"## Yapay Zeka ve Kurum Güvenliği: Bir İlişkisi

Yapay zeka (YZ) sistemleri, kurumların güvenliğini hem olumlu hem de olumsuz yönde etkileyebilecek potansiyel bir güçtür. 

**Olumlu Yönler:**

* **Güvenlik Sistemleri:** YZ, güvenlik sistemlerini daha etkili hale getirebilir. Örneğin, YZ algoritmaları, şüpheli aktiviteleri algılayabilir, saldırıların önüne geçebilir ve güvenlik sistemlerini daha hızlı ve etkili bir şekilde çalıştırabilir. 
* **Güvenlik Analizi:** YZ, büyük miktarda verileri analiz ederek, olası tehditleri tespit edebilir ve riskleri değerlendirebilir. Bu, kurumların daha iyi bir şekilde risk yönetimi stratejileri geliştirebilmesini sağlar.
* **Güvenlik Eğitimi:** YZ, güvenlik eğitimlerinde kullanılabilen bir araç olabilir. Örneğin, YZ, güvenlik eğitimlerinde gerçekçi ve etkileyici örnekler sunarak, kullanıcıların güvenlik risklerini daha iyi anlamalarını sağlayabilir.

**Olumsuz Yönler:**

* **Güvenlik Açığı:** YZ sistemleri, hatalı veya yetersiz eğitimli bir şekilde kullanıldığında, güvenlik açıkları yaratabilir. Bu açıklar, kötü amaçlı saldırılara yol açabilir.
* **Veri Güvenliği:** YZ sistemleri, verileri işleme ve depolanması sırasında güvenlik açığı yaratabilir. Bu, verilerin kötüye kullanılmasına ve gizliliğin tehdit edilmesine neden olabilir.
* **Yasal ve Etik Sorunlar:** YZ sistemleri, etik ve yasal sorulara yol açabilir. Örneğin, YZ sistemleri, birey",—
Ya şimdi merak ettim; yapay zekâ sistemleri kurum güvenliğini nasıl etkiler?,B) Base model + RAG,"Kaynaklar, yapay zeka sistemlerinin kurum güvenliğini nasıl etkilediği konusunda net bir bilgi sunmuyor. Ancak, kaynaklar, yapay zeka sistemlerinin siber saldırılara karşı dirençli olmasını sağlamak için siber güvenlik önlemlerinin alınması gerektiğini vurguluyor. 

**Kaynaklar, yapay zeka sistemlerinin güvenlik açısından riskleri ve bu riskleri azaltmak için alınması gereken önlemleri ele alıyor.**

* **Yapay zeka sistemlerinin siber saldırılarına karşı dirençli olmasını sağlamak için siber güvenlik önlemleri alınmalıdır.**
* **Yapay zeka sistemlerinin eğitim veri kümeleri (örneğin, veri zehirlenmesi) veya eğitilmiş modeller (örneğin, düşmanca saldırılar) gibi yapay zekaya özgü varlıklardan yararlanabilir veya yapay zeka sisteminin dijital varlıklarındaki veya temeldeki BT altyapısındaki güvenlik açıklarından yararlanabilir.**
* **Yüksek riskli yapay zeka sistemleri sağlayıcıları, temeldeki BT altyapısı da uygun şekilde dikkate alınarak uygun önlemler alınmalıdır.**


Bu bilgiler, yapay zeka sistemlerinin güvenlik açısından riskleri ve bu riskleri azaltmak için alınması gereken önlemleri ele alıyor.",https://www.sans.org/information-security-policy/artificial-intelligence-standard/
Ya şimdi merak ettim; yapay zekâ sistemleri kurum güvenliğini nasıl etkiler?,C) Fine-tuned model (no RAG),"Yapay zekâ, saldırıya karşı önlem almayı kolaylaştırabilir; ancak yanlış yapılandırılması veya kötü amaçlı kullanım nedeniyle risk oluşturabilir. Örneğin, kötü amaçlı metin analizinde yanlış sınıflandırma, zararlı e-posta trafiğinin kaçırılmasına veya kritik bir olayı yanlış pozitif olarak işaretlenmesine yol açabilir.",—
Ya şimdi merak ettim; yapay zekâ sistemleri kurum güvenliğini nasıl etkiler?,D) Fine-tuned model + RAG,"Yapay zeka sistemleri, özellikle eğitim veya işletme süreçlerinde yanlış veya taraflı çıktılar üretebilir, veri zehirlenmesi riskini artırabilir ve kötü niyetli saldırganlar tarafından manipüle edilebilir.",https://www.sans.org/information-security-policy/artificial-intelligence-standard/
"Evdeki modeme bağlı çalışanlar var, canım; onların Wi-Fi’yi nasıl yapılandırması gerekir?",A) Base model (no RAG),"Evde çalışanlar için Wi-Fi'yi güvenli bir şekilde yapılandırmak, hem kişisel hem de iş hayatınız için önemlidir. İşte temel adımlar:

**1. Güvenlik İlkeleri:**

* **Şifreleme:** En önemli adım, Wi-Fi'nin şifrelendirilmesi.  
    * **Şifreleme türü:**  WPA2 veya WPA3 gibi en son güvenlik standartlarını kullanın. 
    * **Şifre:**  Şifre oluşturmak için güçlü ve karmaşık bir şifre kullanın. 
    * **Şifreleme güncellemeleri:**  Şifreleme standartlarını düzenli olarak güncelleyin.
* **Güvenlik duvarı:**  Evde kullanılacak cihazların güvenliğini sağlamak için bir güvenlik duvarı kullanın. 
* **Güvenlik yazılımları:**  Güvenlik yazılımları, cihazların güvenliğini ve sistemlerin korunmasını sağlar. 

**2. Güvenlik Konumlandırılması:**

* **Güvenlik bölgesi:**  Evde çalışanlar için güvenlik bölgesi belirleyin. Bu bölge, yalnızca güvenli cihazlar ve kişiler tarafından erişilebilir.
* **Güvenlik duvarı:**  Güvenlik duvarı, evdeki cihazların güvenliğini ve sistemlerin korunmasını sağlar. 
* **Güvenlik yazılımları:**  Güvenlik yazılımları, cihazların güvenliğini ve sistemlerin korunmasını sağlar. 

**3. Kullanıcı Bilgileri:**

* **Kullanıcı hesapları:**  Kullanıcı hesapları, cihazların güvenliğini ve sistemlerin korunmasını sağlar. 
* **Kullanıcı eğitimi:**  Kullanıcıların Wi-Fi güvenliği hakkında bilgilendirilmesi ve güvenlik kurallarına uyması önemlidir. 

**4. Güvenlik Kontrolü",—
"Evdeki modeme bağlı çalışanlar var, canım; onların Wi-Fi’yi nasıl yapılandırması gerekir?",B) Base model + RAG,"Bu kaynaklar, evdeki modeme bağlı çalışanlar için Wi-Fi yapılandırması hakkında spesifik bir bilgi sunmuyor. 

**Kaynaklar, ağ cihazları yönetimi ve güvenlik politikalarını kapsar, ancak bu politikalar, ağ cihazlarının güvenli yapılandırılması ve yönetimi için genel yönergeler ve prosedürler sunar.** 

Bu nedenle, evdeki modeme bağlı çalışanların Wi-Fi'yi nasıl yapılandırması gerektiği konusunda kaynaklar hakkında bilgi bulunmuyor.","https://hightable.io/iso-27001-annex-a-controls-list/, https://www.sans.org/information-security-policy/acceptable-use-standard/, https://www.sans.org/information-security-policy/network-device-management-policy/"
"Evdeki modeme bağlı çalışanlar var, canım; onların Wi-Fi’yi nasıl yapılandırması gerekir?",C) Fine-tuned model (no RAG),"Kurumsal ağ üzerinden VPN kullanılmalı, hassas veriler yalnızca şifrelenmiş ağ üzerinden taşınmalıdır. İzinsiz erişim engellenmeli, kimlik doğrulama yapılandırılmalı ve güncel güvenlik güncellemeleri yüklenmelidir.",—
"Evdeki modeme bağlı çalışanlar var, canım; onların Wi-Fi’yi nasıl yapılandırması gerekir?",D) Fine-tuned model + RAG,"Bu politika, uzaktan çalışanların ağ cihazlarının güvenli yapılandırılabilmesi için gerekli güvenlik önlemlerini belirtir.","https://hightable.io/iso-27001-annex-a-controls-list/, https://www.sans.org/information-security-policy/acceptable-use-standard/, https://www.sans.org/information-security-policy/network-device-management-policy/"
"Canım asistanım, kediler strese girince neden tırmalıyor?",A) Base model (no RAG),"Kediler tırmalama davranışını, stresle ilişkili olarak, çeşitli sebeplerle ortaya çıkarabilir. İşte bazı olası nedenler:

**1. Stresli Durum:** 
* **Yeni Bir Durum:** Kediler, yeni bir ortamda veya yeni bir insanla karşılaştığında, yeni bir tehdit algılar ve bu durum onları stresli hale getirebilir. 
* **Güvenlik Sorunları:** Kediler, güvenlik endişesiyle karşılaştığında tırmalama davranışını sergileyebilir. Örneğin, bir köpeğin yaklaşması, bir pencere veya kapıdan içeri girmesi gibi durumlar.
* **Sosyal Stres:** Kediler, sosyal olarak stresli bir ortamda, diğer kedilerle veya insanlarla çatışma veya agresif davranışlar sergileyebilir. 

**2. Fiziksel Stres:**
* **Fiziksel Rahatsızlık:**  Kediler, ağrı, yorgunluk, hastalık veya alerji gibi fiziksel rahatsızlıklar nedeniyle tırmalama davranışını gösterebilir. 
* **İhtiyaçlar:** Kediler, yetersiz beslenme, su veya uyku gibi ihtiyaçları karşılanamaması durumunda tırmalama davranışını gösterebilir.

**3. Psikolojik Stres:**
* **Güvenlik Sorunları:** Kediler, güvenlik endişesiyle karşılaştığında tırmalama davranışını sergileyebilir. Örneğin, bir köpeğin yaklaşması, bir pencere veya kapıdan içeri girmesi gibi durumlar.
* **Sosyal Stres:** Kediler, sosyal olarak stresli bir ortamda, diğer kedilerle veya insanlarla çatışma veya agresif davranışlar sergileyebilir. 
* **Korku:** Kediler, korku veya endişe",—
"Canım asistanım, kediler strese girince neden tırmalıyor?",B) Base model + RAG,"Bu soruyu yanıtlamak için kaynaklar yetersiz. 

Kaynaklar, güvenlik politikaları ve yapay zeka standartları hakkında bilgi içermektedir.","https://hightable.io/iso-27001-annex-a-controls-list/, https://www.sans.org/information-security-policy/artificial-intelligence-standard/, https://www.sans.org/information-security-policy/database-credentials-standard/"
"Canım asistanım, kediler strese girince neden tırmalıyor?",C) Fine-tuned model (no RAG),"Asistan, çalışanların dikkatini dağıtıyor, dikkat dağıtıcı unsurları fark ettirmeye çalışıyor. Bu durum güvenlik açısından olumsuz sonuçlar doğurabilir.",—
"Canım asistanım, kediler strese girince neden tırmalıyor?",D) Fine-tuned model + RAG,"Bu politika, veri güvenliği için gerekli güvenlik önlemlerini açıkça belirtir.","https://hightable.io/iso-27001-annex-a-controls-list/, https://www.sans.org/information-security-policy/artificial-intelligence-standard/, https://www.sans.org/information-security-policy/database-credentials-standard/"
"Hocam, bu yıl sonu dolar kaç TL olur sence?",A) Base model (no RAG),"Üzgünüm ama bu soruyu yanıtlayamam.  Doların TL'ye ne kadar olacağını tahmin etmek benim için mümkün değil. 

**Neden?**

* **Finansal piyasalar çok karmaşık:** Dolar ve TL'nin değerini etkileyen birçok faktör vardır. Bu faktörler arasında ekonomik durum, politik gelişmeler, enflasyon, yatırım ve piyasa hareketleri bulunur. 
* **Gelecek tahminleri zor:**  Bu faktörlerin ne olacağı kesin olarak bilinmez. 
* **Ben bir AI asistanım:**  Ben sadece bilgiyi analiz edip sunabilirim, ancak geleceği tahmin etmek için yetkim yok. 

Dolar ve TL'nin değerini öğrenmek için finansal haber kaynaklarını takip etmenizi öneririm.",—
"Hocam, bu yıl sonu dolar kaç TL olur sence?",B) Base model + RAG,Bu soruyu yanıtlamak için kaynaklar yetersiz.,"https://hightable.io/iso-27001-annex-a-controls-list/, https://www.sans.org/information-security-policy/acceptable-encryption-standard/, https://www.sans.org/information-security-policy/artificial-intelligence-standard/, https://www.sans.org/information-security-policy/database-credentials-standard/"
"Hocam, bu yıl sonu dolar kaç TL olur sence?",C) Fine-tuned model (no RAG),"Bu tür tahminler çok değişkenlidir. Hangi kurumlar ne yapar, enflasyon nasıl ilerler, para politikaları ne olur; bu faktörler döviz piyasasında büyük etkiye sahiptir. Bu nedenle kesin bir tahmin yapmak mümkün değildir.",—
"Hocam, bu yıl sonu dolar kaç TL olur sence?",D) Fine-tuned model + RAG,Bu sorunun yanıtlanması için kaynaklara dayanmam gerekir.,"https://hightable.io/iso-27001-annex-a-controls-list/, https://www.sans.org/information-security-policy/acceptable-encryption-standard/, https://www.sans.org/information-security-policy/artificial-intelligence-standard/, https://www.sans.org/information-security-policy/database-credentials-standard/"
Ya sana bir şey sorcam; Türkiye’de en iyi tatlı hangisi?,A) Base model (no RAG),"Bu soruya cevap vermek zor! Çünkü ""en iyi"" tamamen kişisel bir tercihtir. Herkesin zevki farklıdır ve farklı tatlılar farklı kültürlere ve kişilere hitap eder. 

Türkiye'de birçok lezzetli tatlı var ve her biri kendine has bir hikayesi ve lezzeti var. Örneğin:

* **Baklava:** Klasik bir Türk tatlısı, nar, badem, pistacık gibi malzemelerle yapılan ve lezzetiyle bilinen bir lezzet.
* **Lokum:**  Çikolata, şeker ve çeşitli malzemelerle yapılan, farklı şekillerde ve lezzetlerde bulunan bir tatlı.
* **Kunefe:**  Bir çeşit börek, kremalı ve şekerli bir tatlı.
* **Şekerpare:**  Çikolata, krema ve şekerle yapılan, yumuşak ve lezzetli bir tatlı.
* **Kırkın:**  Çikolata ve şekerle yapılan, yumuşak ve lezzetli bir tatlı.

Bu sadece birkaç örnek, Türkiye'de birçok farklı tatlı var. En iyi tatlıyı bulmak için kendi zevkinize ve tercihlerinize göre deneyin! 

Bu soruyu cevaplamak için daha fazla bilgiye ihtiyacım var. Örneğin, hangi tür tatlıyı seviyorsunuz? Hangi malzemeleri tercih ediyorsunuz?",—
Ya sana bir şey sorcam; Türkiye’de en iyi tatlı hangisi?,B) Base model + RAG,"Bu sorunun cevabı, ISO 27001 ve SANS standartları ile ilgili değildir. Bu kaynaklar, bilgi güvenliği politikalarını ve işletmelerin güvenlik politikalarını ele almaktadır. 

Sorunun cevabı, kişisel tercihler ve kültürel değerlere bağlıdır.","https://hightable.io/iso-27001-annex-a-controls-list/, https://www.sans.org/information-security-policy/acceptable-use-standard/"
Ya sana bir şey sorcam; Türkiye’de en iyi tatlı hangisi?,C) Fine-tuned model (no RAG),"Bu sorunun cevabı kişisel tercihin doğrudur. Ancak genel olarak tatlı seçimlerinde; lokum, peynirli, kuru yemiş, çikolata ve kuru fındık gibi seçenekler tercih edilir.",—
Ya sana bir şey sorcam; Türkiye’de en iyi tatlı hangisi?,D) Fine-tuned model + RAG,Bu sorunun yanıtlanması için kaynaklara bakılmamıştır.,"https://hightable.io/iso-27001-annex-a-controls-list/, https://www.sans.org/information-security-policy/acceptable-use-standard/"
